Reporting Entity,Facility Name,Type,Electricity Production GJ,Greenhouse Gas Emissions Scope 1 t CO2 e,Greenhouse Gas Emissions Scope 2 t CO2 e,Greenhouse Gas Emissions Total Emissions t CO2 e,Important notes
ACCIONA ENERGY OCEANIA PTY LTD,Gunning Wind Farm,F,622579,31,375.0,406,N/A
ACCIONA ENERGY OCEANIA PTY LTD,Waubra Wind Farm,F,2506981,73,1173.0,1246,N/A
ACCIONA ENERGY OCEANIA PTY LTD,Corporate Total,C,3129560,104,1548.0,1652,N/A
AGL ENERGY LIMITED,Banimboola Hydro,F,94469,16,20.0,36,N/A
AGL ENERGY LIMITED,Bogong Power Station,F,356830,83,881.0,964,N/A
AGL ENERGY LIMITED,Burrendong Hydro,F,56899,1,81.0,82,N/A
AGL ENERGY LIMITED,Cairn Curran Hydro,F,475,0,0.0,0,N/A
AGL ENERGY LIMITED,Clover Hydro,F,206726,0,44.0,44,N/A
AGL ENERGY LIMITED,Coopers Cogeneration,F,84644,18325,85.0,18410,N/A
AGL ENERGY LIMITED,Copeton Hydro,F,168951,1,86.0,87,N/A
AGL ENERGY LIMITED,Dartmouth Hydro,F,1287160,0,1409.0,1409,N/A
AGL ENERGY LIMITED,Eildon Hydro,F,663733,14,64.0,78,N/A
AGL ENERGY LIMITED,Glenbawn Hydro,F,23237,0,41.0,41,N/A
AGL ENERGY LIMITED,Glenorchy Landfill Generation,F,40373,614,1.0,615,N/A
AGL ENERGY LIMITED,Hallett (Stage 1) Wind Farm,F,1292065,104,199.0,303,N/A
AGL ENERGY LIMITED,Hallett (Stage 2) Wind Farm,F,967209,85,156.0,241,N/A
AGL ENERGY LIMITED,Hallett (Stage 4) Wind Farm,F,1743573,134,342.0,476,N/A
AGL ENERGY LIMITED,Hallett (Stage 5) Wind Farm,F,603982,63,179.0,242,N/A
AGL ENERGY LIMITED,Hobart Landfill Generation,F,18979,327,2.0,329,N/A
AGL ENERGY LIMITED,Kincumber Landfill Generation,F,17803,271,4.0,275,N/A
AGL ENERGY LIMITED,Loy Yang Power Station and Mine,F,57957589,18480990,253122.0,18734112,N/A
AGL ENERGY LIMITED,Macarthur Wind Farm,F,3838563,1114,2358.0,3472,N/A
AGL ENERGY LIMITED,McKay Creek Hydro,F,434993,1,5657.0,5658,N/A
AGL ENERGY LIMITED,Moranbah Power Station,F,239879,35895,46.0,35941,N/A
AGL ENERGY LIMITED,Oaklands Hill Wind Farm,F,607814,63,488.0,551,N/A
AGL ENERGY LIMITED,Pindari Hydro,F,5065,0,49.0,49,N/A
AGL ENERGY LIMITED,Rockingham Landfill Generation,F,69427,1001,14.0,1015,N/A
AGL ENERGY LIMITED,Rubicon Hydro Scheme,F,146393,0,133.0,133,N/A
AGL ENERGY LIMITED,Shoalhaven Landfill Generation,F,24014,353,2.0,355,N/A
AGL ENERGY LIMITED,Somerton Power Station,F,40907,8595,2168.0,10763,N/A
AGL ENERGY LIMITED,Suncoast Biomass Generation Plant,F,4147,57,63.0,120,N/A
AGL ENERGY LIMITED,Torrens Island Power Station,F,6241443,1014877,15211.0,1030088,N/A
AGL ENERGY LIMITED,Wattle Point Wind Farm,F,1065059,51,192.0,243,N/A
AGL ENERGY LIMITED,Werribee Biogas Generator,F,182436,2419,1695.0,4114,N/A
AGL ENERGY LIMITED,West Kiewa Hydro,F,386469,0,1506.0,1506,N/A
AGL ENERGY LIMITED,Wilpena Pound Solar Generation,F,3043,590,0.0,590,N/A
AGL ENERGY LIMITED,Woy Woy Landfill Generation,F,30955,471,4.0,475,N/A
AGL ENERGY LIMITED,Yarrawonga Hydro,F,159209,0,32.0,32,N/A
AGL ENERGY LIMITED,Corporate Total,C,79064513,19566515,286334.0,19852849,N/A
ALCOA AUSTRALIAN HOLDINGS PTY LTD,Anglesea Power Station,F,4463866,1337535,379.0,1337914,N/A
ALCOA AUSTRALIAN HOLDINGS PTY LTD,Corporate Total,C,4463866,1337535,379.0,1337914,N/A
ALINTA COGENERATION (PINJARRA) PTY LTD,Alinta Pinjarra Generation Facility,F,4598627,1131711,351.0,1132062,N/A
ALINTA COGENERATION (PINJARRA) PTY LTD,Corporate Total,C,4598627,1131711,351.0,1132062,N/A
ALINTA COGENERATION (WAGERUP) PTY LTD,Wagerup Power Station,F,187299,31611,6231.0,37842,N/A
ALINTA COGENERATION (WAGERUP) PTY LTD,Corporate Total,C,187299,31611,6231.0,37842,N/A
ALINTA ENERGY FINANCE PTY LTD,Augusta Power Stations,F,7554644,2113556,9415.0,2122971,N/A
ALINTA ENERGY FINANCE PTY LTD,Bairnsdale Power Station,F,557588,80645,1020.0,81665,N/A
ALINTA ENERGY FINANCE PTY LTD,Braemar Power Station,F,5872925,919714,1172.0,920886,N/A
ALINTA ENERGY FINANCE PTY LTD,Newman Power Station,F,1999520,370743,0.0,370743,N/A
ALINTA ENERGY FINANCE PTY LTD,Port Hedland Power Station,F,1888427,404313,0.0,404313,N/A
ALINTA ENERGY FINANCE PTY LTD,Corporate Total,C,17873104,3888971,11607.0,3900578,N/A
APT PIPELINES LIMITED,Emu Downs Wind Farm,F,869699,96,417.0,513,N/A
APT PIPELINES LIMITED,Corporate Total,C,869699,96,417.0,513,N/A
ARROW (GENERATION) PTY. LTD.,Daandine Power Station,F,862344,121053,11.0,121064,N/A
ARROW (GENERATION) PTY. LTD.,Corporate Total,C,862344,121053,11.0,121064,N/A
ARROW ENERGY HOLDINGS PTY LTD,Braemar 2 Power Station,F,4450259,738117,2431.0,740548,N/A
ARROW ENERGY HOLDINGS PTY LTD,Corporate Total,C,4450259,738117,2431.0,740548,N/A
ATCO AUSTRALIA PTY. LTD.,Bulwer Island Energy Partnership facility,F,722135,126919,57794.0,184713,N/A
ATCO AUSTRALIA PTY. LTD.,Karratha Power Station,F,1607543,255161,27.0,255188,N/A
ATCO AUSTRALIA PTY. LTD.,Osborne facility,F,5240191,607902,446.0,608348,N/A
ATCO AUSTRALIA PTY. LTD.,Corporate Total,C,7569869,989982,58267.0,1048249,N/A
AURORA ENERGY PTY LTD,Alfred Hospital Cogeneration Plant,F,15351,4176,151.0,4327,N/A
AURORA ENERGY PTY LTD,Dandenong Hospital Cogeneration Plant,F,15611,3044,100.0,3144,N/A
AURORA ENERGY PTY LTD,Geelong Hospital Cogeneration Plant,F,15617,3133,144.0,3277,N/A
AURORA ENERGY PTY LTD,Royal Melbourne Hospital Cogeneration Plant,F,32530,6702,257.0,6959,N/A
AURORA ENERGY PTY LTD,ST. Vincent's Hospital Cogeneration Plant,F,15689,3599,136.0,3735,N/A
AURORA ENERGY PTY LTD,Corporate Total,C,94798,20654,788.0,21442,N/A
AUSGRID,Renewable Generators,FA,1596,0,0.0,0,N/A
AUSGRID,Corporate Total,C,1596,0,0.0,0,N/A
AUSTRALIAN CAPITAL EQUITY PTY LIMITED,LGP Belmont Administration & Kalamunda Facility,FA,18,22,23.0,45,N/A
AUSTRALIAN CAPITAL EQUITY PTY LIMITED,LGP Canning Vale Facility,F,8140,121,26.0,147,N/A
AUSTRALIAN CAPITAL EQUITY PTY LIMITED,LGP Red Hill Facility,F,104409,1436,2.0,1438,N/A
AUSTRALIAN CAPITAL EQUITY PTY LIMITED,LGP Tamala Park Facility,F,120796,1666,2.0,1668,N/A
AUSTRALIAN CAPITAL EQUITY PTY LIMITED,Corporate Total,C,233363,3245,53.0,3298,N/A
AXIA ENERGY AUSTRALIA PTY LTD,Smithfield Power Partnership,F,3560754,480237,0.0,480237,N/A
AXIA ENERGY AUSTRALIA PTY LTD,Corporate Total,C,3560754,480237,0.0,480237,N/A
BG INTERNATIONAL (AUS) INVESTMENTS PTY LIMITED,Condamine Power Station,F,2224523,275211,1425.0,276636,N/A
BG INTERNATIONAL (AUS) INVESTMENTS PTY LIMITED,Corporate Total,C,2224523,275211,1425.0,276636,N/A
BLUEWATERS POWER 1 PTY LTD,Bluewaters Power 1,F,5337204,1298437,4138.0,1302575,N/A
BLUEWATERS POWER 1 PTY LTD,Corporate Total,C,5337204,1298437,4138.0,1302575,N/A
BLUEWATERS POWER 2 PTY LTD,Bluewaters Power 2,F,5612266,1302864,1045.0,1303909,N/A
BLUEWATERS POWER 2 PTY LTD,Corporate Total,C,5612266,1302864,1045.0,1303909,N/A
C S ENERGY LIMITED,Callide A Power Station,F,409187,141934,56845.0,198779,N/A
C S ENERGY LIMITED,Callide B Power Station,F,10106903,2631316,40116.0,2671432,N/A
C S ENERGY LIMITED,Callide C Power Station,F,11169718,2886053,22084.0,2908137,Please note that in some circumstances Joint Venture partners are required to report a full amount for each facility they have in a Joint Venture. This results in that facility appearing twice.
C S ENERGY LIMITED,Kogan Creek Power Station,F,19052266,4282360,3551.0,4285911,N/A
C S ENERGY LIMITED,Wivenhoe Power Station,F,49481,23,45642.0,45665,N/A
C S ENERGY LIMITED,Corporate Total,C,40787555,9941686,168238.0,10109924,N/A
CANUNDA POWER PTY LTD,Canunda Wind Farm,F,471574,17,139.0,156,N/A
CANUNDA POWER PTY LTD,Corporate Total,C,471574,17,139.0,156,N/A
CAPE BYRON MANAGEMENT PTY LTD,Broadwater Power Plant,F,172312,1033,1486.0,2519,N/A
CAPE BYRON MANAGEMENT PTY LTD,Condong Power Plant,F,73710,525,1164.0,1689,N/A
CAPE BYRON MANAGEMENT PTY LTD,Corporate Total,C,246022,1558,2650.0,4208,N/A
CONTRACT POWER AUSTRALIA PTY LTD,FMG Cloud Break Mine Site Power Station,F,508497,93694,0.0,93694,N/A
CONTRACT POWER AUSTRALIA PTY LTD,Norseman Gold Power Station,F,58820,11673,0.0,11673,N/A
CONTRACT POWER AUSTRALIA PTY LTD,Corporate Total,C,567317,105367,0.0,105367,N/A
CWF HOLDINGS PTY LTD,Collgar Wind Farm,F,2507946,213,914.0,1127,N/A
CWF HOLDINGS PTY LTD,Corporate Total,C,2507946,213,914.0,1127,N/A
DELTA ELECTRICITY,Chichester mini-hydro PS,F,702,0,0.0,0,N/A
DELTA ELECTRICITY,Colongra PS,F,49826,8796,6907.0,15703,N/A
DELTA ELECTRICITY,Dungog mini-hydro PS,F,24,0,2.0,2,N/A
DELTA ELECTRICITY,Mt Piper Power Station,F,6773852,1587906,1542.0,1589448,N/A
DELTA ELECTRICITY,Vales Point Power Station,F,24531572,5661311,39237.0,5700548,N/A
DELTA ELECTRICITY,Wallerawang Power Station,F,3978670,963061,7151.0,970212,N/A
DELTA ELECTRICITY,Corporate Total,C,35334646,8221074,54839.0,8275913,N/A
DIAMANTINA HOLDING COMPANY PTY LIMITED,Diamintina Power Station,F,909276,160330,315.0,160645,N/A
DIAMANTINA HOLDING COMPANY PTY LIMITED,Corporate Total,C,909276,160330,315.0,160645,N/A
ECOGEN HOLDINGS PTY LTD,Jeeralang Power Station,F,103349,24442,7527.0,31969,N/A
ECOGEN HOLDINGS PTY LTD,Newport Power Station,F,788965,114846,22619.0,137465,N/A
ECOGEN HOLDINGS PTY LTD,Corporate Total,C,892314,139288,30146.0,169434,N/A
ELECTRICITY GENERATION AND RETAIL CORPORATION,Albany Wind Farm,F,369514,10,7.0,17,N/A
ELECTRICITY GENERATION AND RETAIL CORPORATION,Bremer Bay Wind Diesel System,FA,6464,80,2.0,82,N/A
ELECTRICITY GENERATION AND RETAIL CORPORATION,Cockburn Power Station,F,4040873,441903,0.0,441903,N/A
ELECTRICITY GENERATION AND RETAIL CORPORATION,Collie Power Station,F,7041333,1760197,4271.0,1764468,N/A
ELECTRICITY GENERATION AND RETAIL CORPORATION,Coral Bay Wind Diesel System,FA,11602,1563,0.0,1563,N/A
ELECTRICITY GENERATION AND RETAIL CORPORATION,Denham Wind Farm,F,7883,0,1.0,1,N/A
ELECTRICITY GENERATION AND RETAIL CORPORATION,Esperance Wind Farm,F,57543,0,7.0,7,N/A
ELECTRICITY GENERATION AND RETAIL CORPORATION,Geraldton Gas Turbine Station,F,303,106,0.0,106,N/A
ELECTRICITY GENERATION AND RETAIL CORPORATION,Hopetoun Wind Diesel System,FA,19515,2510,0.0,2510,N/A
ELECTRICITY GENERATION AND RETAIL CORPORATION,Kalbarri Photovoltaic,F,82,0,4.0,4,N/A
ELECTRICITY GENERATION AND RETAIL CORPORATION,Kalbarri Wind Farm,F,13436,0,8.0,8,N/A
ELECTRICITY GENERATION AND RETAIL CORPORATION,Kalgoorlie Gas Turbine Station,F,5647,1498,0.0,1498,N/A
ELECTRICITY GENERATION AND RETAIL CORPORATION,Kwinana Power Station,F,3483949,595192,790.0,595982,N/A
ELECTRICITY GENERATION AND RETAIL CORPORATION,Muja Power Station,F,17340696,4535573,1983.0,4537556,N/A
ELECTRICITY GENERATION AND RETAIL CORPORATION,Mungarra Gas Turbine Station,F,352802,87497,0.0,87497,N/A
ELECTRICITY GENERATION AND RETAIL CORPORATION,Pinjar Gas Turbine Station,F,1611464,358050,0.0,358050,N/A
ELECTRICITY GENERATION AND RETAIL CORPORATION,South West Cogeneration Joint Venture,F,3386294,593107,60.0,593167,N/A
ELECTRICITY GENERATION AND RETAIL CORPORATION,Corporate Total,C,37749400,8377286,7133.0,8384419,N/A
ELECTRICITY NETWORKS CORPORATION,Ravensthorpe Power Station,F,1496,295,0.0,295,N/A
ELECTRICITY NETWORKS CORPORATION,Corporate Total,C,1496,295,0.0,295,N/A
ENERGEX LIMITED,Energy Impact - Bromelton Peak Generation Plant,F,4716,982,447.0,1429,N/A
ENERGEX LIMITED,Energy Impact - Generation,F,2689,521,0.0,521,N/A
ENERGEX LIMITED,Corporate Total,C,7405,1503,447.0,1950,N/A
ENERGY DEVELOPMENTS LIMITED,Appin CSM Power Station,F,857860,185531,65.0,185596,N/A
ENERGY DEVELOPMENTS LIMITED,Ardyaloon Remote Power Station,F,6447,1254,0.0,1254,N/A
ENERGY DEVELOPMENTS LIMITED,Beagle Bay Remote Power Station,F,5824,1158,0.0,1158,N/A
ENERGY DEVELOPMENTS LIMITED,Berwick LFG Power Station,F,108753,1512,951.0,2463,N/A
ENERGY DEVELOPMENTS LIMITED,Bidyadanga Remote Power Staiton,F,10773,2163,0.0,2163,N/A
ENERGY DEVELOPMENTS LIMITED,Broadmeadows LFG Power Station,F,84072,1171,13.0,1184,N/A
ENERGY DEVELOPMENTS LIMITED,Brooklyn LFG Power Station,F,70164,980,1.0,981,N/A
ENERGY DEVELOPMENTS LIMITED,Broome LNG Power Station,F,505352,83011,29.0,83040,N/A
ENERGY DEVELOPMENTS LIMITED,Browns Plains LFG Power Station,F,49311,802,4.0,806,N/A
ENERGY DEVELOPMENTS LIMITED,Clayton LFG Power Station,F,282631,3907,170.0,4077,N/A
ENERGY DEVELOPMENTS LIMITED,Coober Pedy Remote Power Station,F,43550,8522,0.0,8522,N/A
ENERGY DEVELOPMENTS LIMITED,Cue Remote Power Station,F,8006,1512,0.0,1512,N/A
ENERGY DEVELOPMENTS LIMITED,Derby LNG Power Station,F,137066,20201,0.0,20201,N/A
ENERGY DEVELOPMENTS LIMITED,Djarandjin Remote Power Station,F,6431,1281,0.0,1281,N/A
ENERGY DEVELOPMENTS LIMITED,Eastern Creek LFG Power Station,F,65070,966,1.0,967,N/A
ENERGY DEVELOPMENTS LIMITED,EDL LFG (NSW),FA,49223,750,9.0,759,N/A
ENERGY DEVELOPMENTS LIMITED,EDL LFG (QLD),FA,6584,103,40.0,143,N/A
ENERGY DEVELOPMENTS LIMITED,EDL LFG (SA),FA,12662,173,12.0,185,N/A
ENERGY DEVELOPMENTS LIMITED,EDL LFG (VIC),FA,29611,409,6.0,415,N/A
ENERGY DEVELOPMENTS LIMITED,EDL NGD (QLD),FA,12289,2373,0.0,2373,N/A
ENERGY DEVELOPMENTS LIMITED,EDL NGD (WA),FA,10049,2199,0.0,2199,N/A
ENERGY DEVELOPMENTS LIMITED,Fitzroy Crossing LNG Power Station,F,52369,8156,0.0,8156,N/A
ENERGY DEVELOPMENTS LIMITED,Gascoyne Junction Remote Power Station,F,2780,598,0.0,598,N/A
ENERGY DEVELOPMENTS LIMITED,German Creek CMM Power Station,F,1100188,165037,0.0,165037,N/A
ENERGY DEVELOPMENTS LIMITED,Glennies Creek Power Station,F,299247,49014,2.0,49016,N/A
ENERGY DEVELOPMENTS LIMITED,Halls Creek LNG Power Station,F,41491,6363,0.0,6363,N/A
ENERGY DEVELOPMENTS LIMITED,Jacks Gully LFG Power Station,F,57521,926,2.0,928,N/A
ENERGY DEVELOPMENTS LIMITED,Karumba Power Station,F,58601,11562,9.0,11571,N/A
ENERGY DEVELOPMENTS LIMITED,Laverton Remote Power Station,F,12769,2497,0.0,2497,N/A
ENERGY DEVELOPMENTS LIMITED,Leonora Remote Power Station,F,35399,7152,0.0,7152,N/A
ENERGY DEVELOPMENTS LIMITED,Lucas Heights 1 LFG Power Station,F,84018,1180,3.0,1183,N/A
ENERGY DEVELOPMENTS LIMITED,Lucas Heights 2 LFG Power Station,F,368194,5989,3.0,5992,N/A
ENERGY DEVELOPMENTS LIMITED,McArthur River Power Station,F,646576,110181,0.0,110181,N/A
ENERGY DEVELOPMENTS LIMITED,Meekatharra Remote Power Station,F,28356,5702,0.0,5702,N/A
ENERGY DEVELOPMENTS LIMITED,Menzies Remote Power Station,F,2649,549,0.0,549,N/A
ENERGY DEVELOPMENTS LIMITED,Moranbah North CMM Power Station,F,1143368,179745,0.0,179745,N/A
ENERGY DEVELOPMENTS LIMITED,Mt Magnet Remote Power Station,F,16167,3008,0.0,3008,N/A
ENERGY DEVELOPMENTS LIMITED,Mugga Lane LFG Power Station,F,86055,1395,1.0,1396,N/A
ENERGY DEVELOPMENTS LIMITED,Oaky Creek Power Station,F,324925,51904,6.0,51910,N/A
ENERGY DEVELOPMENTS LIMITED,Pedler Creek LFG Power Station,F,69384,957,1.0,958,N/A
ENERGY DEVELOPMENTS LIMITED,Pine Creek A Power Station,F,623042,91022,0.0,91022,N/A
ENERGY DEVELOPMENTS LIMITED,Sandstone Remote Power Station,F,2261,492,0.0,492,N/A
ENERGY DEVELOPMENTS LIMITED,Springvale LFG Power Station,F,69968,977,5.0,982,N/A
ENERGY DEVELOPMENTS LIMITED,Tahmoor Power Station,F,123355,22031,40.0,22071,N/A
ENERGY DEVELOPMENTS LIMITED,Teralba Power Station,F,65636,11797,4.0,11801,N/A
ENERGY DEVELOPMENTS LIMITED,Tower CSM Power Station,F,882224,170566,4.0,170570,N/A
ENERGY DEVELOPMENTS LIMITED,West Belconnen LFG Power Station,F,13986,226,21.0,247,N/A
ENERGY DEVELOPMENTS LIMITED,Wiluna Remote Power Station,F,9894,2087,0.0,2087,N/A
ENERGY DEVELOPMENTS LIMITED,Wingfield 1 LFG Power Station,F,62052,856,11.0,867,N/A
ENERGY DEVELOPMENTS LIMITED,Wingfield 2 LFG Power Station,F,64716,893,1.0,894,N/A
ENERGY DEVELOPMENTS LIMITED,Yalgoo Remote Power Station,F,3847,811,0.0,811,N/A
ENERGY DEVELOPMENTS LIMITED,Yarmun Remote Power Station,F,10105,2035,0.0,2035,N/A
ENERGY DEVELOPMENTS LIMITED,Corporate Total,C,8722871,1235686,1414.0,1237100,N/A
ENERGY WORLD CORPORATION LTD,Brewer Power Station,F,157539,27892,23.0,27915,N/A
ENERGY WORLD CORPORATION LTD,Corporate Total,C,157539,27892,23.0,27915,N/A
ENERGYAUSTRALIA HOLDINGS LIMITED,Cathedral Rocks Wind Farm,F,715588,57,123.0,180,N/A
ENERGYAUSTRALIA HOLDINGS LIMITED,Hallett Power Station,F,122209,33387,2929.0,36316,N/A
ENERGYAUSTRALIA HOLDINGS LIMITED,Mt Piper Power Station,F,27195978,6252622,16205.0,6268827,N/A
ENERGYAUSTRALIA HOLDINGS LIMITED,Tallawarra Power Station,F,11820631,1165142,603.0,1165745,N/A
ENERGYAUSTRALIA HOLDINGS LIMITED,Wallerawang Power Station,F,7467464,1730892,30994.0,1761886,N/A
ENERGYAUSTRALIA HOLDINGS LIMITED,Waterloo Wind Farm,F,1229935,86,169.0,255,N/A
ENERGYAUSTRALIA HOLDINGS LIMITED,Yallourn Power Station,F,31243248,11340380,162475.0,11502855,N/A
ENERGYAUSTRALIA HOLDINGS LIMITED,Corporate Total,C,79795053,20522566,213498.0,20736064,N/A
ERM POWER LIMITED,Newgen Neerabup Power Station,F,282525,48521,3062.0,51583,N/A
ERM POWER LIMITED,Oakey Power Station,F,207866,44445,2367.0,46812,N/A
ERM POWER LIMITED,Corporate Total,C,490391,92966,5429.0,98395,N/A
ESPERANCE POWER STATION PTY LTD,Esperance Power Station,F,274842,59812,0.0,59812,N/A
ESPERANCE POWER STATION PTY LTD,Corporate Total,C,274842,59812,0.0,59812,N/A
ESSENTIAL ENERGY,Essential Energy Generation Facilities,FA,2105,661,335.0,996,N/A
ESSENTIAL ENERGY,Corporate Total,C,2105,661,335.0,996,N/A
FPC 30 LIMITED,FPC Green Energy,F,406545,3770,1469.0,5239,N/A
FPC 30 LIMITED,Corporate Total,C,406545,3770,1469.0,5239,N/A
GOLDFIELDS POWER PTY LTD,Parkeston Power Station,F,866686,139902,0.0,139902,N/A
GOLDFIELDS POWER PTY LTD,Corporate Total,C,866686,139902,0.0,139902,N/A
GREEN STATE POWER PTY LTD,Blayney Wind Farm,F,65569,7,47.0,54,N/A
GREEN STATE POWER PTY LTD,Brown Mountain Power Station,F,45017,8,20.0,28,N/A
GREEN STATE POWER PTY LTD,Burrinjuck Power Station,F,147657,12,150.0,162,N/A
GREEN STATE POWER PTY LTD,Crookwell Wind Farm,F,65569,0,31.0,31,N/A
GREEN STATE POWER PTY LTD,Hume Power Station  NSW,F,845172,22,259.0,281,N/A
GREEN STATE POWER PTY LTD,Hume Power Station Victoria,F,37,0,0.0,0,N/A
GREEN STATE POWER PTY LTD,Keepit Power Station,F,23508,6,31.0,37,N/A
GREEN STATE POWER PTY LTD,Corporate Total,C,1192529,55,538.0,593,N/A
HRL LIMITED,Energy Brix Australia Corporation,F,380164,340160,49197.0,389357,N/A
HRL LIMITED,Corporate Total,C,380164,340160,49197.0,389357,N/A
HYDRO POWER PTY. LIMITED,Wyangala A,F,152832,0,0.0,0,N/A
HYDRO POWER PTY. LIMITED,Corporate Total,C,152832,0,0.0,0,N/A
HYDRO-ELECTRIC CORPORATION,Bastyan Hydro Power Station,F,1508095,0,47.0,47,N/A
HYDRO-ELECTRIC CORPORATION,Butlers Gorge Hydro Power Station,F,236041,0,0.0,0,N/A
HYDRO-ELECTRIC CORPORATION,Catagunya Hydro Power Station,F,952308,0,19.0,19,N/A
HYDRO-ELECTRIC CORPORATION,Cethana Hydro Power Station,F,1643976,0,66.0,66,N/A
HYDRO-ELECTRIC CORPORATION,Cluny Hydro Power Station,F,338904,0,7.0,7,N/A
HYDRO-ELECTRIC CORPORATION,Devils Gate Hydro Power Station,F,1149916,0,25.0,25,N/A
HYDRO-ELECTRIC CORPORATION,Fisher Hydro Power Station,F,870593,0,0.0,0,N/A
HYDRO-ELECTRIC CORPORATION,Flinders Island Power Station,F,13841,2551,4.0,2555,N/A
HYDRO-ELECTRIC CORPORATION,Gordon Hydro Power Station,F,9861508,0,35.0,35,N/A
HYDRO-ELECTRIC CORPORATION,John Butters Hydro Power Station,F,2291092,0,134.0,134,N/A
HYDRO-ELECTRIC CORPORATION,King Island Power Station,F,45799,5052,4.0,5056,N/A
HYDRO-ELECTRIC CORPORATION,Lake Echo Hydro Power Station,F,334823,0,13.0,13,N/A
HYDRO-ELECTRIC CORPORATION,Lake Margaret Lower Hydro Power station,F,30703,0,8.0,8,N/A
HYDRO-ELECTRIC CORPORATION,Lake Margaret Upper Hydro Power Station,F,95391,0,50.0,50,N/A
HYDRO-ELECTRIC CORPORATION,Lemonthyme Hydro Power Station,F,1096364,0,48.0,48,N/A
HYDRO-ELECTRIC CORPORATION,Liapootah Hydro Power Station,F,1808849,0,424.0,424,N/A
HYDRO-ELECTRIC CORPORATION,Mackintosh Hydro Power Station,F,1519106,0,72.0,72,N/A
HYDRO-ELECTRIC CORPORATION,Meadowbank Hydro Power Station,F,758921,0,19.0,19,N/A
HYDRO-ELECTRIC CORPORATION,Musselroe Wind Farm,F,514262,34,2.0,36,N/A
HYDRO-ELECTRIC CORPORATION,Parangana Hydro Power Station,F,17208,0,0.0,0,N/A
HYDRO-ELECTRIC CORPORATION,Poatina Hydro Power Station,F,5287998,0,1204.0,1204,N/A
HYDRO-ELECTRIC CORPORATION,Reece Hydro Power Station,F,4086534,0,996.0,996,N/A
HYDRO-ELECTRIC CORPORATION,Repulse Hydro Power Station,F,608916,0,11.0,11,N/A
HYDRO-ELECTRIC CORPORATION,Rowallan Hydro Power Station,F,173457,0,3.0,3,N/A
HYDRO-ELECTRIC CORPORATION,Tamar Valley Power Station,F,3137849,363623,1212.0,364835,N/A
HYDRO-ELECTRIC CORPORATION,Tarraleah Hydro Power Station,F,2072195,0,92.0,92,N/A
HYDRO-ELECTRIC CORPORATION,Tods Corner Hydro Power Station,F,31932,0,2.0,2,N/A
HYDRO-ELECTRIC CORPORATION,Trevallyn Hydro Power Station,F,1930210,0,24.0,24,N/A
HYDRO-ELECTRIC CORPORATION,Tribute Hydro Power Station,F,930969,0,60.0,60,N/A
HYDRO-ELECTRIC CORPORATION,Tungatinah Hydro Power Station,F,2388446,0,188.0,188,N/A
HYDRO-ELECTRIC CORPORATION,Wayatinah Hydro Power Station,F,924087,0,25.0,25,N/A
HYDRO-ELECTRIC CORPORATION,Wilmot Hydro Power Station,F,512972,0,53.0,53,N/A
HYDRO-ELECTRIC CORPORATION,Corporate Total,C,47173265,371260,4847.0,376107,N/A
IFM RENEWABLE ENERGY PTY LTD,Challicum Hills Wind Farm,F,548625,29,0.0,29,N/A
IFM RENEWABLE ENERGY PTY LTD,Clements Gap Wind Farm,F,656001,32,0.0,32,N/A
IFM RENEWABLE ENERGY PTY LTD,Codrington Wind Farm,F,161201,8,0.0,8,N/A
IFM RENEWABLE ENERGY PTY LTD,Eildon Pondage Hydro,F,43452,0,0.0,0,N/A
IFM RENEWABLE ENERGY PTY LTD,Glenmaggie Hydro,F,19645,0,0.0,0,N/A
IFM RENEWABLE ENERGY PTY LTD,Ord Hydro,F,739558,16,0.0,16,N/A
IFM RENEWABLE ENERGY PTY LTD,Portland Wind Farms,F,1279151,153,0.0,153,N/A
IFM RENEWABLE ENERGY PTY LTD,The Drop Hydro,F,22042,0,0.0,0,N/A
IFM RENEWABLE ENERGY PTY LTD,William Hovell Hydro,F,17430,0,0.0,0,N/A
IFM RENEWABLE ENERGY PTY LTD,Yambuk Wind Farm,F,336675,32,0.0,32,N/A
IFM RENEWABLE ENERGY PTY LTD,Corporate Total,C,3823780,270,0.0,270,N/A
INFIGEN ENERGY LIMITED,Alinta Wind Farm,F,1207884,50,594.0,644,N/A
INFIGEN ENERGY LIMITED,Capital East Solar Farm,F,635,1,4.0,5,N/A
INFIGEN ENERGY LIMITED,Capital Wind Farm,F,1375232,68,710.0,778,N/A
INFIGEN ENERGY LIMITED,"Lake Bonney Stage 1,2 & 3 Wind Farm",F,2621451,81,818.0,899,N/A
INFIGEN ENERGY LIMITED,Woodlawn Wind Farm,F,574347,12,278.0,290,N/A
INFIGEN ENERGY LIMITED,Corporate Total,C,5779549,212,2404.0,2616,N/A
IPM (KWINANA) PTY LTD,Kwinana Cogeneration Plant,F,3183234,465705,0.0,465705,N/A
IPM (KWINANA) PTY LTD,Corporate Total,C,3183234,465705,0.0,465705,N/A
IPM AUSTRALIA LIMITED,Loy Yang B Power Station,F,26305337,8252486,3944.0,8256430,N/A
IPM AUSTRALIA LIMITED,Corporate Total,C,26305337,8252486,3944.0,8256430,N/A
LMS ENERGY PTY LTD,Albury Renewable Energy Facility,F,13279,103,0.0,103,N/A
LMS ENERGY PTY LTD,Atlas Renewable Energy Facility,F,17788,277,0.0,277,N/A
LMS ENERGY PTY LTD,Awaba Renewable Energy Facility,F,30019,466,0.0,466,N/A
LMS ENERGY PTY LTD,Ballarat Renewable Energy Facility,F,15167,247,0.0,247,N/A
LMS ENERGY PTY LTD,Bendigo Renewable Energy Facility,F,17194,279,0.0,279,N/A
LMS ENERGY PTY LTD,Birkdale Renewable Energy Facility,F,24040,375,0.0,375,N/A
LMS ENERGY PTY LTD,Darwin Renewable Energy Facility,F,31873,522,0.0,522,N/A
LMS ENERGY PTY LTD,Eastern Creek 2 Renewable Energy Facility,F,233305,3451,0.0,3451,N/A
LMS ENERGY PTY LTD,Hampton Park Renewable Energy Facility,F,245599,3665,0.0,3665,N/A
LMS ENERGY PTY LTD,Ipswich Renewable Energy Facility,F,30807,486,0.0,486,N/A
LMS ENERGY PTY LTD,Mornington Peninsula Renewable Energy Facility,F,19060,302,0.0,302,N/A
LMS ENERGY PTY LTD,Newcastle Renewable Energy Facility,F,66130,999,0.0,999,N/A
LMS ENERGY PTY LTD,Remount Renewable Energy Facility,F,50368,784,0.0,784,N/A
LMS ENERGY PTY LTD,Rochedale Renewable Energy Facility,F,124896,1910,0.0,1910,N/A
LMS ENERGY PTY LTD,Shepparton Renewable Energy Facility,F,17427,286,0.0,286,N/A
LMS ENERGY PTY LTD,South Cardup Renewable Energy Facility,F,97568,1562,0.0,1562,N/A
LMS ENERGY PTY LTD,Swanbank Renewable Energy Facility,F,34269,552,0.0,552,N/A
LMS ENERGY PTY LTD,Tweed Shire Renewable Energy Facility,F,8077,126,0.0,126,N/A
LMS ENERGY PTY LTD,Wollert Renewable Energy Facility,F,182908,2806,0.0,2806,N/A
LMS ENERGY PTY LTD,Wyndham Renewable Energy Facility,F,36126,508,0.0,508,N/A
LMS ENERGY PTY LTD,Wyong Renewable Energy Facility,F,65821,1005,0.0,1005,N/A
LMS ENERGY PTY LTD,Corporate Total,C,1361721,20711,0.0,20711,N/A
MACQUARIE GENERATION,Bayswater Power Station,F,55896840,13391008,11047.0,13402055,N/A
MACQUARIE GENERATION,Hunter Valley Gas Turbines,F,676,324,1080.0,1404,N/A
MACQUARIE GENERATION,Liddell Power Station,F,26516603,6779705,67013.0,6846718,N/A
MACQUARIE GENERATION,Corporate Total,C,82414119,20171037,79140.0,20250177,N/A
MERIDIAN ENERGY AUSTRALIA PTY LIMITED,Mt Mercer Wind farm Pty Ltd,F,361278,2541,120.0,2661,N/A
MERIDIAN ENERGY AUSTRALIA PTY LIMITED,Mt Millar Wind Farm Pty Ltd,F,664081,19,0.0,19,N/A
MERIDIAN ENERGY AUSTRALIA PTY LIMITED,Corporate Total,C,1025359,2560,120.0,2680,N/A
MOMENTUM ENERGY PTY LIMITED,Alfred Hospital Cogeneration Plant,F,43997,10927,429.0,11356,N/A
MOMENTUM ENERGY PTY LIMITED,Dandenong Hospital Cogeneration Plant,F,46051,9091,319.0,9410,N/A
MOMENTUM ENERGY PTY LIMITED,Geelong Hospital Cogeneration Plant,F,43439,9728,441.0,10169,N/A
MOMENTUM ENERGY PTY LIMITED,Royal Melbourne Hospital Cogeneration Plant,F,97683,19464,797.0,20261,N/A
MOMENTUM ENERGY PTY LIMITED,ST. Vincent's Hospital Cogeneration Plant,F,43095,9571,380.0,9951,N/A
MOMENTUM ENERGY PTY LIMITED,Corporate Total,C,274265,58781,2366.0,61147,N/A
MORTONS LANE WIND FARM (HOLDING) PTY LTD,Mortons Lane Windfarm Pty Ltd,F,248185,0,0.0,0,N/A
MORTONS LANE WIND FARM (HOLDING) PTY LTD,Corporate Total,C,248185,0,0.0,0,N/A
NATIONAL POWER AUSTRALIA INVESTMENTS LIMITED,Hazelwood Power Station,F,39914744,15467673,189121.0,15656794,N/A
NATIONAL POWER AUSTRALIA INVESTMENTS LIMITED,Corporate Total,C,39914744,15467673,189121.0,15656794,N/A
NEW GULLEN RANGE WIND FARM (HOLDING) PTY LTD,Gullen Range Wind Farm,F,174940,0,245.0,245,N/A
NEW GULLEN RANGE WIND FARM (HOLDING) PTY LTD,Corporate Total,C,174940,0,245.0,245,N/A
NEWGEN KWINANA HOLDINGS PTY LTD,Kwinana Gas Fired Power Station,F,7189220,807896,1260.0,809156,N/A
NEWGEN KWINANA HOLDINGS PTY LTD,Corporate Total,C,7189220,807896,1260.0,809156,N/A
NRG VICTORIA I PTY LTD,Gladstone Power Station,F,24615379,6586877,46815.0,6633692,N/A
NRG VICTORIA I PTY LTD,Corporate Total,C,24615379,6586877,46815.0,6633692,N/A
ORIGIN ENERGY ELECTRICITY LIMITED,Eraring  Power  Station,F,10807769,2495645,6796.0,2502441,N/A
ORIGIN ENERGY ELECTRICITY LIMITED,Shoalhaven  Scheme,F,5962,0,3045.0,3045,N/A
ORIGIN ENERGY ELECTRICITY LIMITED,Corporate Total,C,10813731,2495645,9841.0,2505486,N/A
ORIGIN ENERGY LIMITED,Australand,F,4214,731,51.0,782,N/A
ORIGIN ENERGY LIMITED,Blackmores,F,4212,777,51.0,828,N/A
ORIGIN ENERGY LIMITED,Blayney,F,3025,4,3.0,7,N/A
ORIGIN ENERGY LIMITED,Bond,F,4932,757,60.0,817,N/A
ORIGIN ENERGY LIMITED,Brown Mountain,F,6767,3,0.0,3,N/A
ORIGIN ENERGY LIMITED,Burrinjuck Power Station,F,5622,0,14.0,14,N/A
ORIGIN ENERGY LIMITED,Chifley Square,F,2889,425,35.0,460,N/A
ORIGIN ENERGY LIMITED,Crookwell Wind Farm,F,1449,1,2.0,3,N/A
ORIGIN ENERGY LIMITED,Cullerin - Operation,F,383854,21,100.0,121,N/A
ORIGIN ENERGY LIMITED,Dandenong,F,15500,2344,116.0,2460,N/A
ORIGIN ENERGY LIMITED,Darling Downs PS - Operation,F,11962125,1372697,10810.0,1383507,N/A
ORIGIN ENERGY LIMITED,Drapac,F,2327,419,38.0,457,N/A
ORIGIN ENERGY LIMITED,Eraring Power Station,F,33481365,8084174,17635.0,8101809,N/A
ORIGIN ENERGY LIMITED,Exhibition Street,F,10486,1589,170.0,1759,N/A
ORIGIN ENERGY LIMITED,Hume Power Station,F,1259,0,75.0,75,N/A
ORIGIN ENERGY LIMITED,Kent Street,F,17974,1512,244.0,1756,N/A
ORIGIN ENERGY LIMITED,La Trobe,F,3213,499,52.0,551,N/A
ORIGIN ENERGY LIMITED,Ladbroke Grove PS,F,832759,118332,448.0,118780,N/A
ORIGIN ENERGY LIMITED,Mirvac,F,20777,3127,267.0,3394,N/A
ORIGIN ENERGY LIMITED,Mortlake Power Station,F,6024418,906212,4909.0,911121,N/A
ORIGIN ENERGY LIMITED,Mount,F,6770,1020,82.0,1102,N/A
ORIGIN ENERGY LIMITED,Mt Stuart - Operation,F,46556,14043,3557.0,17600,N/A
ORIGIN ENERGY LIMITED,Quarantine PS - Operation,F,829838,154899,1854.0,156753,N/A
ORIGIN ENERGY LIMITED,Roma PS,F,239874,44554,928.0,45482,N/A
ORIGIN ENERGY LIMITED,Shoalhaven Scheme,F,75291,2,17260.0,17262,N/A
ORIGIN ENERGY LIMITED,Stockland Headquarters,F,4612,758,56.0,814,N/A
ORIGIN ENERGY LIMITED,University of NSW,F,8462,1290,102.0,1392,N/A
ORIGIN ENERGY LIMITED,Uranquinty PS - Operation,F,828769,138026,5581.0,143607,N/A
ORIGIN ENERGY LIMITED,Corporate Total,C,54829339,10848216,64500.0,10912716,N/A
OZGEN HOLDINGS AUSTRALIA PTY LTD,Callide C Power Station (facility),F,11169718,2886053,22084.0,2908137,Please note that in some circumstances Joint Venture partners are required to report a full amount for each facility they have in a Joint Venture. This results in that facility appearing twice.
OZGEN HOLDINGS AUSTRALIA PTY LTD,Millmerran Power Station (facility),F,24008097,5683418,2974.0,5686392,N/A
OZGEN HOLDINGS AUSTRALIA PTY LTD,Corporate Total,C,35177815,8569471,25058.0,8594529,N/A
PELICAN POINT POWER LIMITED,Pelican Point Power Station,F,6724650,751286,7897.0,759183,N/A
PELICAN POINT POWER LIMITED,Corporate Total,C,6724650,751286,7897.0,759183,N/A
POWER AND WATER CORPORATION,Channel Island Power Station,F,3845131,572028,0.0,572028,N/A
POWER AND WATER CORPORATION,Katherine Power Station,F,67457,12684,0.0,12684,N/A
POWER AND WATER CORPORATION,Katherine Region,FA,66498,13,0.0,13,N/A
POWER AND WATER CORPORATION,Kings Canyon Resort Power Station,F,7021,1201,0.0,1201,N/A
POWER AND WATER CORPORATION,Northern (Darwin) Region,FA,234161,46277,0.0,46277,N/A
POWER AND WATER CORPORATION,Owen Springs Power Station,F,192118,27026,0.0,27026,N/A
POWER AND WATER CORPORATION,Remote Centres Generation,FA,51374,10208,0.0,10208,N/A
POWER AND WATER CORPORATION,Ron Goodin Power Station,F,443099,89476,0.0,89476,N/A
POWER AND WATER CORPORATION,Southern Region,FA,109728,21942,0.0,21942,N/A
POWER AND WATER CORPORATION,Tennant Creek Power Station,F,115398,22049,0.0,22049,N/A
POWER AND WATER CORPORATION,Weddell Power Station,F,1244459,190907,0.0,190907,N/A
POWER AND WATER CORPORATION,Yulara Power Station,F,81990,14474,0.0,14474,N/A
POWER AND WATER CORPORATION,Corporate Total,C,6458434,1008285,0.0,1008285,N/A
PRATT CONSOLIDATED HOLDINGS PTY. LTD.,Visy Energy - Coolaroo Co-gen,F,43583,16369,10309.0,26678,N/A
PRATT CONSOLIDATED HOLDINGS PTY. LTD.,Corporate Total,C,43583,16369,10309.0,26678,N/A
RATCH - AUSTRALIA CORPORATION LIMITED,Kemerton Power Station,F,285023,55214,2513.0,57727,N/A
RATCH - AUSTRALIA CORPORATION LIMITED,Starfish Hill Wind Farm,F,360374,58,51.0,109,N/A
RATCH - AUSTRALIA CORPORATION LIMITED,Toora Wind Farm,F,228939,17,211.0,228,N/A
RATCH - AUSTRALIA CORPORATION LIMITED,Townsville Power Station,F,977295,120761,3205.0,123966,N/A
RATCH - AUSTRALIA CORPORATION LIMITED,Windy Hill Wind Farm,F,116915,16,12.0,28,N/A
RATCH - AUSTRALIA CORPORATION LIMITED,Corporate Total,C,1968546,176066,5992.0,182058,N/A
REDBANK ENERGY LIMITED,Redbank Power Station,FThe Clean Energy Regulator did not receive a section 19 report for 2013-14 from this corporation.,,,,,
REDBANK ENERGY LIMITED,Corporate Total,CN/A,,,,,
REGIONAL POWER CORPORATION,Carnarvon Power Station,F,172469,29362,0.0,29362,N/A
REGIONAL POWER CORPORATION,Horizon Power Aggregated Minor Power Stations,FA,40528,7143,0.0,7143,N/A
REGIONAL POWER CORPORATION,Corporate Total,C,212997,36505,0.0,36505,N/A
SANTOS LTD,Wilga Park Power Station,F,5428,575,294.0,869,N/A
SANTOS LTD,Corporate Total,C,5428,575,294.0,869,N/A
SENVION HOLDINGS PTY LTD,Wonthaggi Wind Farm,F,109759,21,0.0,21,N/A
SENVION HOLDINGS PTY LTD,Corporate Total,C,109759,21,0.0,21,N/A
SHENHUA CLEAN ENERGY HOLDINGS PTY LTD,Musselroe Wind Farm Pty Ltd,F,1288981,103,1945.0,2048,N/A
SHENHUA CLEAN ENERGY HOLDINGS PTY LTD,Woolnorth Bluff point Wind Farm Pty Ltd,F,994415,73,4876.0,4949,N/A
SHENHUA CLEAN ENERGY HOLDINGS PTY LTD,Woolnorth Studland Bay Wind Farm Pty Ltd,F,1039760,74,5082.0,5156,N/A
SHENHUA CLEAN ENERGY HOLDINGS PTY LTD,Corporate Total,C,3323156,250,11903.0,12153,N/A
SNOWTOWN SOUTH WIND FARM PTY. LTD.,SNOWTOWN SOUTH WIND FARM,F,743674,56,116.0,172,N/A
SNOWTOWN SOUTH WIND FARM PTY. LTD.,Corporate Total,C,743674,56,116.0,172,N/A
SNOWTOWN WIND FARM PTY LTD,Snowtown Wind Farm,F,1432188,74,200.0,274,N/A
SNOWTOWN WIND FARM PTY LTD,Corporate Total,C,1432188,74,200.0,274,N/A
SNOWTOWN WIND FARM STAGE 2 PTY. LTD.,SNOWTOWN WIND FARM STAGE 2,F,373153,66,73.0,139,N/A
SNOWTOWN WIND FARM STAGE 2 PTY. LTD.,Corporate Total,C,373153,66,73.0,139,N/A
SNOWY HYDRO LIMITED,Laverton North Power Station,F,56908,11045,3919.0,14964,N/A
SNOWY HYDRO LIMITED,Snowy Hydro Ltd,F,13799902,1464,87938.0,89402,N/A
SNOWY HYDRO LIMITED,Valley Power,F,32028,7000,2944.0,9944,N/A
SNOWY HYDRO LIMITED,Corporate Total,C,13888838,19509,94801.0,114310,N/A
STANWELL CORPORATION LIMITED,Barron Gorge Power Station,F,729886,105,645.0,750,N/A
STANWELL CORPORATION LIMITED,Kareeya Power Station,F,2152490,20,735.0,755,N/A
STANWELL CORPORATION LIMITED,Mackay Gas Turbine,F,43,155,9.0,164,N/A
STANWELL CORPORATION LIMITED,Mica Creek Power Station,F,5654773,823879,0.0,823879,N/A
STANWELL CORPORATION LIMITED,Stanwell Power Station,F,30308168,7282279,8122.0,7290401,N/A
STANWELL CORPORATION LIMITED,Swanbank E Power Station,F,8332261,849578,640.0,850218,N/A
STANWELL CORPORATION LIMITED,Tarong Power Stations,F,24007303,5645200,39405.0,5684605,N/A
STANWELL CORPORATION LIMITED,Corporate Total,C,71184924,14601216,49556.0,14650772,N/A
SYNERGEN POWER PTY LIMITED,Dry Creek Power Station,F,10524,3413,543.0,3956,N/A
SYNERGEN POWER PTY LIMITED,Mintaro Power Station,F,28685,6141,147.0,6288,N/A
SYNERGEN POWER PTY LIMITED,Port Lincoln Power Station,F,2870,1069,401.0,1470,N/A
SYNERGEN POWER PTY LIMITED,Snuggery Power Station,F,315,155,603.0,758,N/A
SYNERGEN POWER PTY LIMITED,Corporate Total,C,42394,10778,1694.0,12472,N/A
TRANSALTA ENERGY (AUSTRALIA) PTY LTD,Kalgoorlie Power Station,F,771989,127902,0.0,127902,N/A
TRANSALTA ENERGY (AUSTRALIA) PTY LTD,Kambalda Power Station,F,784787,129108,0.0,129108,N/A
TRANSALTA ENERGY (AUSTRALIA) PTY LTD,Leinster Power Station,F,1089030,164954,0.0,164954,N/A
TRANSALTA ENERGY (AUSTRALIA) PTY LTD,Mt Keith Power Station,F,1280657,212094,0.0,212094,N/A
TRANSALTA ENERGY (AUSTRALIA) PTY LTD,Solomon Power Station,F,515615,160329,0.0,160329,N/A
TRANSALTA ENERGY (AUSTRALIA) PTY LTD,Corporate Total,C,4442078,794387,0.0,794387,N/A
WATER CORPORATION,Cocos Keeling Islands Generation,FA,18907,3642,0.0,3642,N/A
WATER CORPORATION,Corporate Total,C,18907,3642,0.0,3642,N/A
WORLEYPARSONS LIMITED,Exmouth Power Station,F,89497,17561,0.0,17561,N/A
WORLEYPARSONS LIMITED,Corporate Total,C,89497,17561,0.0,17561,N/A
"Grand Total ""807",416,"340""",172113876,1524245,173638121.0,,Please note that the grand total includes a facility that appears twice in the report.
